7shifts	fetched	18060
activecampaign	fetched	24742
bigmailer	fetched	12054
bluetally	fetched	13355
brex	failed	0
castor-edc	fetched	335118
circa	fetched	50343
clockify	fetched	4006201
confluence	failed	0
dixa	fetched	478736
eventzilla	fetched	631276
finnworlds	fetched	1338766
freshbooks	fetched	55384
glassfrog	fetched	40875
gologin	fetched	191251
insightful	fetched	3752660
jobnimbus	fetched	52189
judge-me-reviews	fetched	67965
k6-cloud	fetched	157983
kisi	fetched	1877406
lob	fetched	5026062
lokalise	fetched	546267
mailtrap	fetched	765434
mendeley	fetched	949
mixmax	fetched	166619
paypal-transaction	fetched	247570
printify	fetched	164987
productboard	fetched	2665
qualaroo	fetched	103974
recurly	failed	0
rocketlane	fetched	17746
rollbar	fetched	80477
secoda	fetched	3059
squarespace	fetched	345839
statuspage	fetched	2703412
teamtailor	fetched	895253
timely	fetched	303366
todoist	fetched	3906501
uppromote	fetched	5476
whisky-hunter	fetched	2057
