countercyclical	fetched	21463
ebay-finance	failed	22
hugging-face-datasets	fetched	95723
buzzsprout	fetched	51561
mailjet-sms	fetched	16778
freshsales	fetched	1196721
campayn	fetched	267586
lemlist	fetched	325032
harvest	fetched	16588
sonar-cloud	fetched	209481
buildkite	fetched	30811
cimis	fetched	8271
planhat	fetched	454884
marketstack	failed	1
serpstat	fetched	443874
mux	fetched	2807714
mailjet-mail	fetched	16746
ticketmaster	fetched	1417565
miro	fetched	586908
webflow	fetched	835231
sparkpost	fetched	296603
capsule-crm	fetched	119524
sentry	fetched	19514
freshdesk	fetched	3228889
nylas	fetched	434802
bing-ads	fetched	91432
free-agent-connector	fetched	15202
grafana	fetched	322892
katana	fetched	704196
shopwired	fetched	32563
salesloft	fetched	85268
prestashop	fetched	644383
discord	fetched	29202
firehydrant	fetched	758880
pretix	fetched	71218
freshservice	fetched	7155224
high-level	fetched	13449
signnow	fetched	463972
pinterest	fetched	649811
hubspot	fetched	1341857
