zoom	fm/cli-zoom-full-parity-r1
gong	fm/cli-monday-parity-wave02-r1
monday	fm/cli-monday-parity-wave02-r1
gong	fm/cli-intercom-parity-wave01-r1
intercom	fm/cli-intercom-parity-wave01-r1
gong	fm/cli-lever-hiring-parity-wave05-r1
gong	fm/cli-marketo-parity-wave05-r1
marketo	fm/cli-marketo-parity-wave05-r1
gong	fm/cli-greenhouse-parity-wave05-r1
gong	no-mistakes/fm/cli-aws-cloudtrail-parity-resume-r1
aws-cloudtrail	no-mistakes/fm/cli-aws-cloudtrail-parity-resume-r1
gong	no-mistakes/fm/cli-crisp-parity-implementation-r1-resume-20260806
gong	no-mistakes/fm/cli-zoom-parity-implementation-r1
gong	fm/cli-crisp-parity-implementation-r1
gong	fm/cli-crisp-parity-implementation-r1-rebased-20260806
gong	no-mistakes/fm/cli-crisp-parity-implementation-r1-rebased-20260806
gong	no-mistakes/fm/cli-crisp-parity-implementation-r1
gong	fm/cli-zoom-parity-implementation-r1-pre-recovery-3add22ba
gong	no-mistakes/fm/cli-gitlab-parity-implementation-r1
gong	fm/cli-shopify-parity-wave01-r1
gong	no-mistakes/fm/cli-google-calendar-parity-resume-r1
gong	fm/cli-zoom-parity-implementation-r1-pre-resume-f8c9910c
gong	fm/cli-freshchat-parity-wave02-r2
gong	fm/cli-google-analytics-data-api-parity-wave03-r1
google-analytics-data-api	fm/cli-google-analytics-data-api-parity-wave03-r1
gong	fm/cli-front-parity-resume-r1
front	fm/cli-front-parity-resume-r1
gong	no-mistakes/fm/cli-front-parity-resume-r1
front	no-mistakes/fm/cli-front-parity-resume-r1
gong	no-mistakes/fm/cli-recurly-parity-resume-r1
gong	fm/cli-google-calendar-parity-resume-r1
gong	no-mistakes/fm/cli-youtube-analytics-parity-resume-r1
gong	no-mistakes/fm/cli-google-search-console-parity-resume-r1
gong	fm/cli-google-calendar-parity-resume-r1-pre-terra-restart-80e7dde5
gong	fm/cli-aws-cloudtrail-parity-resume-r1
aws-cloudtrail	fm/cli-aws-cloudtrail-parity-resume-r1
gong	no-mistakes/fm/cli-mailchimp-parity-wave03-r1
gong	no-mistakes/fm/cli-airtable-parity-wave03-r1
airtable	no-mistakes/fm/cli-airtable-parity-wave03-r1
youtube-analytics	fm/cli-youtube-analytics-parity-wave03-r1
gong	fm/cli-youtube-analytics-parity-wave03-r1
gong	fm/cli-reddit-full-parity-r1
gong	fm/cli-front-parity-wave02-r1
front	fm/cli-front-parity-wave02-r1
gong	no-mistakes/fm/cli-recurly-parity-wave05-r1
gong	no-mistakes/fm/cli-marketo-parity-wave05-r1
marketo	no-mistakes/fm/cli-marketo-parity-wave05-r1
gong	fm/cli-aws-cloudtrail-parity-wave04-r1
aws-cloudtrail	fm/cli-aws-cloudtrail-parity-wave04-r1
gong	no-mistakes/fm/cli-hubplanner-parity-wave05-r1
gong	no-mistakes/fm/cli-freshchat-parity-wave02-r2
gong	fm/cli-airtable-parity-wave03-r1
airtable	fm/cli-airtable-parity-wave03-r1
gong	no-mistakes/fm/cli-front-parity-wave02-r1
front	no-mistakes/fm/cli-front-parity-wave02-r1
gong	fm/cli-freshchat-parity-wave02-r1
gong	no-mistakes/fm/cli-ashby-parity-wave05-r1
gong	fm/cli-recurly-parity-wave05-r1
gong	no-mistakes/fm/cli-amazon-sqs-parity-wave04-r1
gong	no-mistakes/fm/cli-aws-cloudtrail-parity-wave04-r1
gong	fm/cli-aws-cloudtrail-parity-wave04-r1-prior-green-1c47c8b07b75
gong	fm/cli-amazon-sqs-parity-wave04-r1-pre-review-websocket-recovery-af3d1c94ef42
gong	fm/cli-amazon-sqs-parity-wave04-r1-pre-websocket-recovery-261866b9c03a
gong	fm/cli-aws-cloudtrail-parity-wave04-r1-pre-prior-green-preserve-d2cd9d1e5e6f
gong	fm/cli-amazon-sqs-parity-wave04-r1-pre-older-lineage-merge-1cc693c146d3
gong	no-mistakes/fm/cli-google-analytics-data-api-parity-wave03-r1
google-analytics-data-api	no-mistakes/fm/cli-google-analytics-data-api-parity-wave03-r1
gong	no-mistakes/fm/cli-google-ads-parity-wave03-r1
gong	no-mistakes/fm/cli-zendesk-support-parity-wave01-r1
gong	no-mistakes/fm/cli-asana-parity-wave02-r1
gong	no-mistakes/fm/cli-xero-parity-wave04-r1
gong	no-mistakes/fm/cli-gitlab-parity-wave02-r1
gitlab	no-mistakes/fm/cli-gitlab-parity-wave02-r1
gong	no-mistakes/fm/cli-github-parity-wave01-r1
gong	no-mistakes/fm/cli-monday-parity-wave02-r1
monday	no-mistakes/fm/cli-monday-parity-wave02-r1
gong	fm/cli-workday-rest-parity-wave05-r1
gong	no-mistakes/fm/cli-workday-rest-parity-wave05-r1
gong	no-mistakes/fm/cli-freshchat-parity-wave02-r1
gong	no-mistakes/fm/cli-trello-parity-wave03-r1
gong	fm/cli-linear-parity-wave01-r1
gong	no-mistakes/fm/cli-linear-parity-wave01-r1
gong	fm/cli-gong-parity-wave01-r1
gong	no-mistakes/fm/cli-gong-parity-wave01-r1
gong	no-mistakes/fm/cli-greenhouse-parity-wave05-r1
gong	no-mistakes/fm/cli-lever-hiring-parity-wave05-r1
gong	fm/cli-square-parity-wave05-r1
square	fm/cli-square-parity-wave05-r1
gong	no-mistakes/fm/cli-square-parity-wave05-r1
square	no-mistakes/fm/cli-square-parity-wave05-r1
gong	no-mistakes/fm/cli-help-scout-parity-wave02-r1
gong	no-mistakes/fm/cli-shopify-parity-wave01-r1
gong	no-mistakes/fm/cli-intercom-parity-wave01-r1
intercom	no-mistakes/fm/cli-intercom-parity-wave01-r1
gong	no-mistakes/fm/cli-bamboohr-parity-wave05-r1
bamboo-hr	no-mistakes/fm/cli-bamboohr-parity-wave05-r1
ashby	fm/cli-ashby-parity-wave05-r1-pre-alfred-recovery-5648a3c
gong	fm/cli-ashby-parity-wave05-r1-pre-alfred-recovery-5648a3c
gong	no-mistakes/fm/cli-bitbucket-parity-wave01-r1
gong	no-mistakes/fm/cli-quickbooks-parity-wave04-r1
gong	fm/cli-aws-cloudtrail-parity-wave04-r1-pre-alfred-recovery-597ad9df8bff
gong	no-mistakes/fm/cli-postgresql-parity-wave04-r1
gong	no-mistakes/fm/cli-zoom-parity-wave04-r1
zoom	no-mistakes/fm/cli-zoom-parity-wave04-r1
gong	no-mistakes/fm/cli-segment-parity-wave04-r1
segment	no-mistakes/fm/cli-segment-parity-wave04-r1
gong	no-mistakes/fm/cli-mixpanel-parity-wave04-r1
mixpanel	no-mistakes/fm/cli-mixpanel-parity-wave04-r1
gong	fm/cli-amazon-sqs-parity-wave04-r1-pre-alfred-recovery-58b9004691b3
gong	no-mistakes/fm/cli-chargebee-parity-wave05-r1
gong	no-mistakes/fm/cli-twilio-parity-wave04-r1
dynamodb	no-mistakes/fm/cli-dynamodb-parity-wave04-r1
gong	no-mistakes/fm/cli-dynamodb-parity-wave04-r1
gong	no-mistakes/fm/cli-google-calendar-parity-wave03-r1
gong	no-mistakes/fm/cli-notion-parity-wave03-r1
youtube-analytics	no-mistakes/fm/cli-youtube-analytics-parity-wave03-r1
gong	no-mistakes/fm/cli-youtube-analytics-parity-wave03-r1
gong	fm/cli-google-analytics-data-api-parity-wave03-r1-local-resume-backup
google-analytics-data-api	fm/cli-google-analytics-data-api-parity-wave03-r1-local-resume-backup
gong	fm/cli-airtable-parity-wave03-r1-pre-alfred-recovery-69f87c4976a0
airtable	fm/cli-airtable-parity-wave03-r1-pre-alfred-recovery-69f87c4976a0
gong	no-mistakes/fm/cli-gmail-parity-wave03-r1
gong	no-mistakes/fm/cli-google-search-console-parity-wave03-r1
google-search-console	no-mistakes/fm/cli-google-search-console-parity-wave03-r1
gong	fm/cli-crisp-parity-wave02-r1
gong	no-mistakes/fm/cli-crisp-parity-wave02-r1
gong	fm/cli-chatwoot-parity-wave02-r1
gong	no-mistakes/fm/cli-chatwoot-parity-wave02-r1
gong	fm/cli-twenty-parity-wave02-r1
gong	no-mistakes/fm/cli-twenty-parity-wave02-r1
gong	fm/cli-gitlab-parity-wave02-r1
gitlab	fm/cli-gitlab-parity-wave02-r1
gong	fm/cli-help-scout-parity-wave02-r1
gong	fm/cli-gorgias-parity-wave02-r1
gorgias	fm/cli-gorgias-parity-wave02-r1
gong	no-mistakes/fm/cli-gorgias-parity-wave02-r1
gorgias	no-mistakes/fm/cli-gorgias-parity-wave02-r1
gong	no-mistakes/fm/cli-stripe-parity-wave01-r1
gong	no-mistakes/fm/cli-hubspot-parity-wave01-r1
gong	fm/cli-github-parity-wave01-r1
